8, b6f7421a-888a-47d7-b266-76a0b6c2b86b
4, 3ca6b04e-e68a-42ee-8a14-a59ed33b25b7
14, 7c6b0a4a-609d-48fc-b292-5f0093d9f16b
15, c23b5bdc-bc9f-48ca-9b1b-3077d186ce9f
16, 9c5e229c-cfa0-4a9e-99fb-61a8abf3e4d9
20, 0f9203b8-e091-40f8-8968-4ee96185523f
7, 892b7437-a3dc-4a1f-863d-17b4ba973ef1
29, 9ef1c7b1-87cd-4e43-a623-ab5488b18a71
30, 2fdbe31b-a5ca-493b-b6b8-c91d36aae2ec
11, 78a8ceb5-59dd-4712-9603-2db189ce17ca
32, 4ba358bd-1ae9-45da-9876-16a0701f0433
33, 2809b248-8194-4269-a168-d9f811d137b7
24, 122fadb9-215e-4bd3-9e11-2ed792ea90b0
37, 7335d47d-b1e8-4489-9d6f-f0826cb1bd53
42, 7367e797-b7c5-485c-bd4b-e983ad31a850
43, 2e25b243-6c60-4632-b66f-a7dff1e4bb45
44, 191858dd-61d0-4fe3-9946-9c3c00842174
49, 89161bba-da46-4943-a8aa-5c0af9e30781
56, babd6d17-9791-4c29-9406-939d96253598
50, a13d6b16-b844-4a13-9ebe-2c97934cc832
38, b4cabc6b-5c06-498b-a3df-643f93fe225f
73, 8cd76d4e-0b1d-4a40-baca-c2011ec84466
53, da7a7720-c428-4cbc-a09e-c16ec0456ffe
9, 171ccd25-cdb0-4003-96d8-ee0d9a0ada37
58, 9f43aa8c-ad4b-44f9-a5d1-d8e476aecb96
59, cab5db87-3f8b-441c-9e29-ea83d5c6d728
54, e9c394be-2d57-4711-8291-9753a9448a10
65, 28584ef7-5652-4857-ac6a-767bcf647bfe
63, 10200818-f2a1-4db8-8976-96d84342d084
66, ed18e1e1-153d-4a19-87f3-2cfae56bd4b0
68, c42d4daf-c4db-417a-b3f8-64529ea0af16
72, ce0380dc-af98-4175-bb09-90c0764f43f4
74, fa991702-961d-4a82-bbf7-48606afba694
5, 6da5f172-d615-4014-8309-1035f0c3aade
21, 60c751c3-dbdb-485c-99d5-8b464796d6b9
17, 0b78bba4-bb49-46e4-868e-82777f92deae
18, 158ae85a-a9a3-44b2-872e-f920f4543b81
35, 5dfd7aa5-eed1-4666-9d19-844a5a9912c9
45, 9aee9d2c-87e7-4ee0-9a4d-36e11732ba37
46, 0e699345-6d14-4c89-a9ff-dec4f8a21a6f
47, 7eb44525-a4a1-4a52-bb46-23300a826b58
79, c12680da-12c4-44c7-9b9b-5c24c322e812
83, 98ead0ea-7fe7-42c6-8f87-e8a178cfd83b
91, aea84321-cf05-4288-9957-1d2c4fe41798
100, eb5dd331-0516-453d-81a0-25f254d5a58c
82, f0018b50-848e-416f-848b-8d7dc60ca746
104, 618d3bc7-6360-4246-b425-ed4f6c3aa57a
105, b9138603-194b-4706-beec-7fbc21b1a415
103, 9e83ef7a-3b33-4a39-a9db-03bf9b0855bf
133, 641599c0-5157-45e4-8be0-9ded155112fb
142, 4f183815-2645-460c-954c-720ab7cf4dee
116, 08d70538-eab0-4398-b747-ac7e7862ebc9
136, 7fb1ab41-f23f-4ff7-9ac6-4de994769be9
137, 10c3b8ed-75e4-4fc7-8276-27893f022c89
124, e53d2202-3580-43e0-831d-cd6477df9b16
125, b8e6c4db-6a13-4d5b-8620-7aa8b41e0fbb
138, 9467b6ca-05a2-4c88-a830-502025c00fd5
148, 99afbf9a-b6b2-443b-8996-1f484e56a606
149, b6c4edc9-8ed1-45e8-81e3-8f59aaa29b63
150, cca29950-bfef-41d4-843f-1290ca2b412b
151, bdcb3977-6070-48af-a45b-d257a6ee2a7a
153, 360a956f-ad89-4e81-a3c6-30ba53e32acc
115, bf519e13-c924-4198-bb1a-a1c66b64ac5d
156, 0d9bae67-a1d3-41d5-9dfd-6bd4971bc5b4
117, 4146310b-c814-440c-a0b1-c3017a4df1e4
160, cb718748-f1ac-44fe-abbc-a997bcf06fe4
161, f5597948-2cf4-4c46-a139-51163ad362c8
162, 8e27c8d8-ed63-48c4-9dcd-f87e418e0e2d
163, 706263e4-4655-4f94-b960-17e72975559d
170, 3a92cb19-50dc-45cb-a48a-7c071bc31e12
166, a7498f8b-afc3-4f2f-9b09-54437078f15b
172, 2ab5d844-551e-4447-9436-854d8986a58a
