<?xml version="1.0" encoding="UTF-8"?><?xml-stylesheet type='text/xsl' href='_UpgradeReport_Files/UpgradeReport.xslt'?><UpgradeLog>
<Properties><Property Name="Solution" Value="portmidi">
</Property><Property Name="Solution File" Value="C:\IntegraLive.git\libIntegra\externals\portmidi\portmidi.sln">
</Property><Property Name="Date" Value="03 February 2014">
</Property><Property Name="Time" Value="16:05">
</Property></Properties><Event ErrorLevel="0" Project="" Source="portmidi.sln" Description="File successfully backed up as C:\IntegraLive.git\libIntegra\externals\portmidi\portmidi.sln.old">
</Event><Event ErrorLevel="0" Project="ALL_BUILD" Source="ALL_BUILD.vcproj" Description="Converting project file 'C:\IntegraLive.git\libIntegra\externals\portmidi\ALL_BUILD.vcproj'.">
</Event><Event ErrorLevel="0" Project="ALL_BUILD" Source="ALL_BUILD.vcproj" Description="Done converting to new project file 'C:\IntegraLive.git\libIntegra\externals\portmidi\ALL_BUILD.vcxproj'.">
</Event><Event ErrorLevel="3" Project="ALL_BUILD" Source="ALL_BUILD.vcproj" Description="Converted">
</Event><Event ErrorLevel="0" Project="ZERO_CHECK" Source="ZERO_CHECK.vcproj" Description="Converting project file 'C:\IntegraLive.git\libIntegra\externals\portmidi\ZERO_CHECK.vcproj'.">
</Event><Event ErrorLevel="0" Project="ZERO_CHECK" Source="ZERO_CHECK.vcproj" Description="Done converting to new project file 'C:\IntegraLive.git\libIntegra\externals\portmidi\ZERO_CHECK.vcxproj'.">
</Event><Event ErrorLevel="3" Project="ZERO_CHECK" Source="ZERO_CHECK.vcproj" Description="Converted">
</Event><Event ErrorLevel="0" Project="latency" Source="pm_test\latency.vcproj" Description="Converting project file 'C:\IntegraLive.git\libIntegra\externals\portmidi\pm_test\latency.vcproj'.">
</Event><Event ErrorLevel="1" Project="latency" Source="pm_test\latency.vcproj" Description="MSB8012: $(TargetPath) ('C:\IntegraLive.git\libIntegra\externals\portmidi\pm_test\Debug\latency.exe') does not match the Linker's OutputFile property value '..\pm_test\Debug\latency.exe' ('C:\IntegraLive.git\libIntegra\externals\pm_test\Debug\latency.exe') in project configuration 'Debug|Win32'. This may cause your project to build incorrectly. To correct this, please make sure that $(TargetPath) property value matches the value specified in %(Link.OutputFile).">
</Event><Event ErrorLevel="1" Project="latency" Source="pm_test\latency.vcproj" Description="MSB8012: $(TargetPath) ('C:\IntegraLive.git\libIntegra\externals\portmidi\pm_test\Release\latency.exe') does not match the Linker's OutputFile property value '..\pm_test\Release\latency.exe' ('C:\IntegraLive.git\libIntegra\externals\pm_test\Release\latency.exe') in project configuration 'Release|Win32'. This may cause your project to build incorrectly. To correct this, please make sure that $(TargetPath) property value matches the value specified in %(Link.OutputFile).">
</Event><Event ErrorLevel="0" Project="latency" Source="pm_test\latency.vcproj" Description="Done converting to new project file 'C:\IntegraLive.git\libIntegra\externals\portmidi\pm_test\latency.vcxproj'.">
</Event><Event ErrorLevel="3" Project="latency" Source="pm_test\latency.vcproj" Description="Converted">
</Event><Event ErrorLevel="0" Project="midiclock" Source="pm_test\midiclock.vcproj" Description="Converting project file 'C:\IntegraLive.git\libIntegra\externals\portmidi\pm_test\midiclock.vcproj'.">
</Event><Event ErrorLevel="1" Project="midiclock" Source="pm_test\midiclock.vcproj" Description="MSB8012: $(TargetPath) ('C:\IntegraLive.git\libIntegra\externals\portmidi\pm_test\Debug\midiclock.exe') does not match the Linker's OutputFile property value '..\pm_test\Debug\midiclock.exe' ('C:\IntegraLive.git\libIntegra\externals\pm_test\Debug\midiclock.exe') in project configuration 'Debug|Win32'. This may cause your project to build incorrectly. To correct this, please make sure that $(TargetPath) property value matches the value specified in %(Link.OutputFile).">
</Event><Event ErrorLevel="1" Project="midiclock" Source="pm_test\midiclock.vcproj" Description="MSB8012: $(TargetPath) ('C:\IntegraLive.git\libIntegra\externals\portmidi\pm_test\Release\midiclock.exe') does not match the Linker's OutputFile property value '..\pm_test\Release\midiclock.exe' ('C:\IntegraLive.git\libIntegra\externals\pm_test\Release\midiclock.exe') in project configuration 'Release|Win32'. This may cause your project to build incorrectly. To correct this, please make sure that $(TargetPath) property value matches the value specified in %(Link.OutputFile).">
</Event><Event ErrorLevel="0" Project="midiclock" Source="pm_test\midiclock.vcproj" Description="Done converting to new project file 'C:\IntegraLive.git\libIntegra\externals\portmidi\pm_test\midiclock.vcxproj'.">
</Event><Event ErrorLevel="3" Project="midiclock" Source="pm_test\midiclock.vcproj" Description="Converted">
</Event><Event ErrorLevel="0" Project="midithread" Source="pm_test\midithread.vcproj" Description="Converting project file 'C:\IntegraLive.git\libIntegra\externals\portmidi\pm_test\midithread.vcproj'.">
</Event><Event ErrorLevel="1" Project="midithread" Source="pm_test\midithread.vcproj" Description="MSB8012: $(TargetPath) ('C:\IntegraLive.git\libIntegra\externals\portmidi\pm_test\Debug\midithread.exe') does not match the Linker's OutputFile property value '..\pm_test\Debug\midithread.exe' ('C:\IntegraLive.git\libIntegra\externals\pm_test\Debug\midithread.exe') in project configuration 'Debug|Win32'. This may cause your project to build incorrectly. To correct this, please make sure that $(TargetPath) property value matches the value specified in %(Link.OutputFile).">
</Event><Event ErrorLevel="1" Project="midithread" Source="pm_test\midithread.vcproj" Description="MSB8012: $(TargetPath) ('C:\IntegraLive.git\libIntegra\externals\portmidi\pm_test\Release\midithread.exe') does not match the Linker's OutputFile property value '..\pm_test\Release\midithread.exe' ('C:\IntegraLive.git\libIntegra\externals\pm_test\Release\midithread.exe') in project configuration 'Release|Win32'. This may cause your project to build incorrectly. To correct this, please make sure that $(TargetPath) property value matches the value specified in %(Link.OutputFile).">
</Event><Event ErrorLevel="0" Project="midithread" Source="pm_test\midithread.vcproj" Description="Done converting to new project file 'C:\IntegraLive.git\libIntegra\externals\portmidi\pm_test\midithread.vcxproj'.">
</Event><Event ErrorLevel="3" Project="midithread" Source="pm_test\midithread.vcproj" Description="Converted">
</Event><Event ErrorLevel="0" Project="midithru" Source="pm_test\midithru.vcproj" Description="Converting project file 'C:\IntegraLive.git\libIntegra\externals\portmidi\pm_test\midithru.vcproj'.">
</Event><Event ErrorLevel="1" Project="midithru" Source="pm_test\midithru.vcproj" Description="MSB8012: $(TargetPath) ('C:\IntegraLive.git\libIntegra\externals\portmidi\pm_test\Debug\midithru.exe') does not match the Linker's OutputFile property value '..\pm_test\Debug\midithru.exe' ('C:\IntegraLive.git\libIntegra\externals\pm_test\Debug\midithru.exe') in project configuration 'Debug|Win32'. This may cause your project to build incorrectly. To correct this, please make sure that $(TargetPath) property value matches the value specified in %(Link.OutputFile).">
</Event><Event ErrorLevel="1" Project="midithru" Source="pm_test\midithru.vcproj" Description="MSB8012: $(TargetPath) ('C:\IntegraLive.git\libIntegra\externals\portmidi\pm_test\Release\midithru.exe') does not match the Linker's OutputFile property value '..\pm_test\Release\midithru.exe' ('C:\IntegraLive.git\libIntegra\externals\pm_test\Release\midithru.exe') in project configuration 'Release|Win32'. This may cause your project to build incorrectly. To correct this, please make sure that $(TargetPath) property value matches the value specified in %(Link.OutputFile).">
</Event><Event ErrorLevel="0" Project="midithru" Source="pm_test\midithru.vcproj" Description="Done converting to new project file 'C:\IntegraLive.git\libIntegra\externals\portmidi\pm_test\midithru.vcxproj'.">
</Event><Event ErrorLevel="3" Project="midithru" Source="pm_test\midithru.vcproj" Description="Converted">
</Event><Event ErrorLevel="0" Project="mm" Source="pm_test\mm.vcproj" Description="Converting project file 'C:\IntegraLive.git\libIntegra\externals\portmidi\pm_test\mm.vcproj'.">
</Event><Event ErrorLevel="1" Project="mm" Source="pm_test\mm.vcproj" Description="MSB8012: $(TargetPath) ('C:\IntegraLive.git\libIntegra\externals\portmidi\pm_test\Debug\mm.exe') does not match the Linker's OutputFile property value '..\pm_test\Debug\mm.exe' ('C:\IntegraLive.git\libIntegra\externals\pm_test\Debug\mm.exe') in project configuration 'Debug|Win32'. This may cause your project to build incorrectly. To correct this, please make sure that $(TargetPath) property value matches the value specified in %(Link.OutputFile).">
</Event><Event ErrorLevel="1" Project="mm" Source="pm_test\mm.vcproj" Description="MSB8012: $(TargetPath) ('C:\IntegraLive.git\libIntegra\externals\portmidi\pm_test\Release\mm.exe') does not match the Linker's OutputFile property value '..\pm_test\Release\mm.exe' ('C:\IntegraLive.git\libIntegra\externals\pm_test\Release\mm.exe') in project configuration 'Release|Win32'. This may cause your project to build incorrectly. To correct this, please make sure that $(TargetPath) property value matches the value specified in %(Link.OutputFile).">
</Event><Event ErrorLevel="0" Project="mm" Source="pm_test\mm.vcproj" Description="Done converting to new project file 'C:\IntegraLive.git\libIntegra\externals\portmidi\pm_test\mm.vcxproj'.">
</Event><Event ErrorLevel="3" Project="mm" Source="pm_test\mm.vcproj" Description="Converted">
</Event><Event ErrorLevel="0" Project="pmjni" Source="pm_common\pmjni.vcproj" Description="Converting project file 'C:\IntegraLive.git\libIntegra\externals\portmidi\pm_common\pmjni.vcproj'.">
</Event><Event ErrorLevel="1" Project="pmjni" Source="pm_common\pmjni.vcproj" Description="MSB8012: $(TargetPath) ('C:\IntegraLive.git\libIntegra\externals\portmidi\pm_common\Debug\pmjni.dll') does not match the Linker's OutputFile property value '..\Debug\pmjni.dll' ('C:\IntegraLive.git\libIntegra\externals\Debug\pmjni.dll') in project configuration 'Debug|Win32'. This may cause your project to build incorrectly. To correct this, please make sure that $(TargetPath) property value matches the value specified in %(Link.OutputFile).">
</Event><Event ErrorLevel="1" Project="pmjni" Source="pm_common\pmjni.vcproj" Description="MSB8012: $(TargetPath) ('C:\IntegraLive.git\libIntegra\externals\portmidi\pm_common\Release\pmjni.dll') does not match the Linker's OutputFile property value '..\Release\pmjni.dll' ('C:\IntegraLive.git\libIntegra\externals\Release\pmjni.dll') in project configuration 'Release|Win32'. This may cause your project to build incorrectly. To correct this, please make sure that $(TargetPath) property value matches the value specified in %(Link.OutputFile).">
</Event><Event ErrorLevel="0" Project="pmjni" Source="pm_common\pmjni.vcproj" Description="Done converting to new project file 'C:\IntegraLive.git\libIntegra\externals\portmidi\pm_common\pmjni.vcxproj'.">
</Event><Event ErrorLevel="3" Project="pmjni" Source="pm_common\pmjni.vcproj" Description="Converted">
</Event><Event ErrorLevel="0" Project="portmidi-dynamic" Source="pm_dylib\portmidi-dynamic.vcproj" Description="Converting project file 'C:\IntegraLive.git\libIntegra\externals\portmidi\pm_dylib\portmidi-dynamic.vcproj'.">
</Event><Event ErrorLevel="1" Project="portmidi-dynamic" Source="pm_dylib\portmidi-dynamic.vcproj" Description="MSB8012: $(TargetName) ('portmidi-dynamic') does not match the Linker's OutputFile property value '..\Debug\portmidi.dll' ('portmidi') in project configuration 'Debug|Win32'. This may cause your project to build incorrectly. To correct this, please make sure that $(TargetName) property value matches the value specified in %(Link.OutputFile).">
</Event><Event ErrorLevel="1" Project="portmidi-dynamic" Source="pm_dylib\portmidi-dynamic.vcproj" Description="MSB8012: $(TargetPath) ('C:\IntegraLive.git\libIntegra\externals\portmidi\pm_dylib\Debug\portmidi-dynamic.dll') does not match the Linker's OutputFile property value '..\Debug\portmidi.dll' ('C:\IntegraLive.git\libIntegra\externals\Debug\portmidi.dll') in project configuration 'Debug|Win32'. This may cause your project to build incorrectly. To correct this, please make sure that $(TargetPath) property value matches the value specified in %(Link.OutputFile).">
</Event><Event ErrorLevel="1" Project="portmidi-dynamic" Source="pm_dylib\portmidi-dynamic.vcproj" Description="MSB8012: $(TargetName) ('portmidi-dynamic') does not match the Linker's OutputFile property value '..\Release\portmidi.dll' ('portmidi') in project configuration 'Release|Win32'. This may cause your project to build incorrectly. To correct this, please make sure that $(TargetName) property value matches the value specified in %(Link.OutputFile).">
</Event><Event ErrorLevel="1" Project="portmidi-dynamic" Source="pm_dylib\portmidi-dynamic.vcproj" Description="MSB8012: $(TargetPath) ('C:\IntegraLive.git\libIntegra\externals\portmidi\pm_dylib\Release\portmidi-dynamic.dll') does not match the Linker's OutputFile property value '..\Release\portmidi.dll' ('C:\IntegraLive.git\libIntegra\externals\Release\portmidi.dll') in project configuration 'Release|Win32'. This may cause your project to build incorrectly. To correct this, please make sure that $(TargetPath) property value matches the value specified in %(Link.OutputFile).">
</Event><Event ErrorLevel="0" Project="portmidi-dynamic" Source="pm_dylib\portmidi-dynamic.vcproj" Description="Done converting to new project file 'C:\IntegraLive.git\libIntegra\externals\portmidi\pm_dylib\portmidi-dynamic.vcxproj'.">
</Event><Event ErrorLevel="3" Project="portmidi-dynamic" Source="pm_dylib\portmidi-dynamic.vcproj" Description="Converted">
</Event><Event ErrorLevel="0" Project="portmidi-static" Source="pm_common\portmidi-static.vcproj" Description="Converting project file 'C:\IntegraLive.git\libIntegra\externals\portmidi\pm_common\portmidi-static.vcproj'.">
</Event><Event ErrorLevel="1" Project="portmidi-static" Source="pm_common\portmidi-static.vcproj" Description="MSB8012: $(TargetName) ('portmidi-static') does not match the Librarian's OutputFile property value '..\Debug\portmidi_s.lib' ('portmidi_s') in project configuration 'Debug|Win32'. This may cause your project to build incorrectly. To correct this, please make sure that $(TargetName) property value matches the value specified in %(Lib.OutputFile).">
</Event><Event ErrorLevel="1" Project="portmidi-static" Source="pm_common\portmidi-static.vcproj" Description="MSB8012: $(TargetPath) ('C:\IntegraLive.git\libIntegra\externals\portmidi\pm_common\Debug\portmidi-static.lib') does not match the Librarian's OutputFile property value '..\Debug\portmidi_s.lib' ('C:\IntegraLive.git\libIntegra\externals\Debug\portmidi_s.lib') in project configuration 'Debug|Win32'. This may cause your project to build incorrectly. To correct this, please make sure that $(TargetPath) property value matches the value specified in %(Lib.OutputFile).">
</Event><Event ErrorLevel="1" Project="portmidi-static" Source="pm_common\portmidi-static.vcproj" Description="MSB8012: $(TargetName) ('portmidi-static') does not match the Librarian's OutputFile property value '..\Release\portmidi_s.lib' ('portmidi_s') in project configuration 'Release|Win32'. This may cause your project to build incorrectly. To correct this, please make sure that $(TargetName) property value matches the value specified in %(Lib.OutputFile).">
</Event><Event ErrorLevel="1" Project="portmidi-static" Source="pm_common\portmidi-static.vcproj" Description="MSB8012: $(TargetPath) ('C:\IntegraLive.git\libIntegra\externals\portmidi\pm_common\Release\portmidi-static.lib') does not match the Librarian's OutputFile property value '..\Release\portmidi_s.lib' ('C:\IntegraLive.git\libIntegra\externals\Release\portmidi_s.lib') in project configuration 'Release|Win32'. This may cause your project to build incorrectly. To correct this, please make sure that $(TargetPath) property value matches the value specified in %(Lib.OutputFile).">
</Event><Event ErrorLevel="0" Project="portmidi-static" Source="pm_common\portmidi-static.vcproj" Description="Done converting to new project file 'C:\IntegraLive.git\libIntegra\externals\portmidi\pm_common\portmidi-static.vcxproj'.">
</Event><Event ErrorLevel="3" Project="portmidi-static" Source="pm_common\portmidi-static.vcproj" Description="Converted">
</Event><Event ErrorLevel="0" Project="qtest" Source="pm_test\qtest.vcproj" Description="Converting project file 'C:\IntegraLive.git\libIntegra\externals\portmidi\pm_test\qtest.vcproj'.">
</Event><Event ErrorLevel="1" Project="qtest" Source="pm_test\qtest.vcproj" Description="MSB8012: $(TargetPath) ('C:\IntegraLive.git\libIntegra\externals\portmidi\pm_test\Debug\qtest.exe') does not match the Linker's OutputFile property value '..\pm_test\Debug\qtest.exe' ('C:\IntegraLive.git\libIntegra\externals\pm_test\Debug\qtest.exe') in project configuration 'Debug|Win32'. This may cause your project to build incorrectly. To correct this, please make sure that $(TargetPath) property value matches the value specified in %(Link.OutputFile).">
</Event><Event ErrorLevel="1" Project="qtest" Source="pm_test\qtest.vcproj" Description="MSB8012: $(TargetPath) ('C:\IntegraLive.git\libIntegra\externals\portmidi\pm_test\Release\qtest.exe') does not match the Linker's OutputFile property value '..\pm_test\Release\qtest.exe' ('C:\IntegraLive.git\libIntegra\externals\pm_test\Release\qtest.exe') in project configuration 'Release|Win32'. This may cause your project to build incorrectly. To correct this, please make sure that $(TargetPath) property value matches the value specified in %(Link.OutputFile).">
</Event><Event ErrorLevel="0" Project="qtest" Source="pm_test\qtest.vcproj" Description="Done converting to new project file 'C:\IntegraLive.git\libIntegra\externals\portmidi\pm_test\qtest.vcxproj'.">
</Event><Event ErrorLevel="3" Project="qtest" Source="pm_test\qtest.vcproj" Description="Converted">
</Event><Event ErrorLevel="0" Project="sysex" Source="pm_test\sysex.vcproj" Description="Converting project file 'C:\IntegraLive.git\libIntegra\externals\portmidi\pm_test\sysex.vcproj'.">
</Event><Event ErrorLevel="1" Project="sysex" Source="pm_test\sysex.vcproj" Description="MSB8012: $(TargetPath) ('C:\IntegraLive.git\libIntegra\externals\portmidi\pm_test\Debug\sysex.exe') does not match the Linker's OutputFile property value '..\pm_test\Debug\sysex.exe' ('C:\IntegraLive.git\libIntegra\externals\pm_test\Debug\sysex.exe') in project configuration 'Debug|Win32'. This may cause your project to build incorrectly. To correct this, please make sure that $(TargetPath) property value matches the value specified in %(Link.OutputFile).">
</Event><Event ErrorLevel="1" Project="sysex" Source="pm_test\sysex.vcproj" Description="MSB8012: $(TargetPath) ('C:\IntegraLive.git\libIntegra\externals\portmidi\pm_test\Release\sysex.exe') does not match the Linker's OutputFile property value '..\pm_test\Release\sysex.exe' ('C:\IntegraLive.git\libIntegra\externals\pm_test\Release\sysex.exe') in project configuration 'Release|Win32'. This may cause your project to build incorrectly. To correct this, please make sure that $(TargetPath) property value matches the value specified in %(Link.OutputFile).">
</Event><Event ErrorLevel="0" Project="sysex" Source="pm_test\sysex.vcproj" Description="Done converting to new project file 'C:\IntegraLive.git\libIntegra\externals\portmidi\pm_test\sysex.vcxproj'.">
</Event><Event ErrorLevel="3" Project="sysex" Source="pm_test\sysex.vcproj" Description="Converted">
</Event><Event ErrorLevel="0" Project="test" Source="pm_test\test.vcproj" Description="Converting project file 'C:\IntegraLive.git\libIntegra\externals\portmidi\pm_test\test.vcproj'.">
</Event><Event ErrorLevel="1" Project="test" Source="pm_test\test.vcproj" Description="MSB8012: $(TargetPath) ('C:\IntegraLive.git\libIntegra\externals\portmidi\pm_test\Debug\test.exe') does not match the Linker's OutputFile property value '..\pm_test\Debug\test.exe' ('C:\IntegraLive.git\libIntegra\externals\pm_test\Debug\test.exe') in project configuration 'Debug|Win32'. This may cause your project to build incorrectly. To correct this, please make sure that $(TargetPath) property value matches the value specified in %(Link.OutputFile).">
</Event><Event ErrorLevel="1" Project="test" Source="pm_test\test.vcproj" Description="MSB8012: $(TargetPath) ('C:\IntegraLive.git\libIntegra\externals\portmidi\pm_test\Release\test.exe') does not match the Linker's OutputFile property value '..\pm_test\Release\test.exe' ('C:\IntegraLive.git\libIntegra\externals\pm_test\Release\test.exe') in project configuration 'Release|Win32'. This may cause your project to build incorrectly. To correct this, please make sure that $(TargetPath) property value matches the value specified in %(Link.OutputFile).">
</Event><Event ErrorLevel="0" Project="test" Source="pm_test\test.vcproj" Description="Done converting to new project file 'C:\IntegraLive.git\libIntegra\externals\portmidi\pm_test\test.vcxproj'.">
</Event><Event ErrorLevel="3" Project="test" Source="pm_test\test.vcproj" Description="Converted">
</Event><Event ErrorLevel="0" Project="" Source="portmidi.sln" Description="Solution converted successfully">
</Event><Event ErrorLevel="3" Project="" Source="portmidi.sln" Description="Converted">
</Event></UpgradeLog>